{
    "aircraft": [
      { 
        "flight": "PDT5823",
        "Location": [
          [35.940536, -79.99403],  
          [35.942, -80.01],        
          [35.944, -80.03],        
          [35.947, -80.05],        
          [35.950, -80.08],        
          [35.952900, -80.114000], 
          [35.96, -80.10],         
          [35.97, -80.090],         
          [35.98, -80.080],         
          [36.00, -80.050],         
          [36.02, -80.030],         
          [36.05, -80.00],         
          [36.08, -79.96],         
          [36.102900, -79.933500]  
      ],
        "Cruise Speed(mph)": 300,
        "Approach Speed(mph)": 250,
        "Descent Rate(ft/min)": 700,
        "Descent Initiation Distance(NM)": 60
      },
      {
        "flight": "DAL2230",
        "Location": [
          [35.955551, -79.84045],
          [35.955, -79.87],
          [35.954, -79.90],         
          [35.9535, -79.95],        
          [35.953, -80.00],         
          [35.952900, -80.114000], 
          [35.96, -80.10],         
          [35.97, -80.090],         
          [35.98, -80.080],         
          [36.00, -80.050],         
          [36.02, -80.030],         
          [36.05, -80.00],         
          [36.08, -79.96],         
          [36.102900, -79.933500]
      ],
        "Cruise Speed(mph)": 250,
        "Approach Speed(mph)": 120,
        "Descent Rate(ft/min)": 1000,
        "Descent Initiation Distance(NM)": 80
      },
      {
        "flight": "DAL518",
        "Location": [
          [36.173603, -80.044400],
          [36.175, -80.02],
          [36.18, -79.98],          
          [36.19, -79.95],          
          [36.20, -79.90],          
          [36.21, -79.85],          
          [36.217346, -79.80014],
          [36.20, -79.82],
          [36.18, -79.85],          
          [36.16, -79.88],          
          [36.14, -79.90],          
          [36.12, -79.92],          
          [36.102900, -79.933500]
      ],
        "Cruise Speed(mph)": 550,
        "Approach Speed(mph)": 140,
        "Descent Rate(ft/min)": 2000,
        "Descent Initiation Distance(NM)": 100
      },
      {
        "flight": "RPA4325",
        "Location": [
          [35.932846, -79.964390],
          [35.934,   -79.970],
          [35.935,   -79.976],
          [35.939,   -79.988],
          [35.943,   -80.002],
          [35.945,   -80.010],
          [35.950,   -80.030],
          [35.951,   -80.050],
          [35.952,   -80.070],
          [35.9525,  -80.090],
          [35.952900, -80.114000], 
          [35.96, -80.10],         
          [35.97, -80.090],         
          [35.98, -80.080],         
          [36.00, -80.050],         
          [36.02, -80.030],         
          [36.05, -80.00],         
          [36.08, -79.96],         
          [36.102900, -79.933500]
      ],
        "Cruise Speed(mph)": 600,
        "Approach Speed(mph)": 170,
        "Descent Rate(ft/min)": 3500,
        "Descent Initiation Distance(NM)": 70
      },
      {
        "flight": "QTR54C",
        "Location": [[36.211166, -79.980812],
        [36.2115,   -79.970],
        [36.212,    -79.960],
        [36.2125,   -79.950],
        [36.2135,   -79.930],
        [36.2145,   -79.910],
        [36.2155,   -79.890],
        [36.2165,   -79.870],
        [36.217,    -79.850],
        [36.217346, -79.80014],
        [36.20, -79.82],
        [36.18, -79.85],          
        [36.16, -79.88],          
        [36.14, -79.90],          
        [36.12, -79.92],          
        [36.102900, -79.933500]],
        "Cruise Speed(mph)": 1000,
        "Approach Speed(mph)": 200,
        "Descent Rate(ft/min)": 6000,
        "Descent Initiation Distance(NM)": 80
      }
    ]
  }